"","Tracking.ID","Duration","Mean.Intensity","Speed","Int.var","Track.Length","type"
"7",7,90,970.406724717882,0.00178314375382419,192421.435434105,150.838333129883,"B"
"8",8,34,1122.44378482594,0.0021653731541433,160210.969750557,64.3115844726563,"B"
"9",9,34,1013.39654900046,0.00232745242079325,264659.053070545,69.1253356933594,"B"
"12",12,41,1833.72839206603,0.00247275982001156,1156777.02958731,89.0193557739258,"B"
"14",14,33,1208.09249045632,0.00213485015001425,140461.85947919,74.8107681274414,"B"
"15",15,33,1543.4785415187,0.00714498221896065,99432.931681794,205.775482177734,"B"
"16",16,33,2178.55285644531,0.00678787590004503,180211.105645423,195.490829467773,"B"
"18",18,82,1766.62785972037,0.00560976681766606,127823.643546975,410.038665771484,"B"
"20",20,256,2448.17751801014,0.00192991934768632,1501875.3171899,442.918548583984,"B"
"21",21,37,1070.74570444468,0.0020612237979852,124694.907994954,82.4732208251953,"B"
"22",22,78,886.10007026868,0.00389273782289442,63828.690937769,275.162445068359,"B"
"23",23,85,910.818291159238,0.00328874028456907,78032.3698573635,262.860260009766,"B"
"26",26,107,2832.56954014859,0.00184766434842527,187671.37711826,178.448028564453,"B"
"30",30,114,969.164577551056,0.00284257003462763,59706.914576913,297.752044677734,"B"
"33",33,37,729.153021735114,0.00285575887230354,46618.3823757379,92.5265884399414,"B"
"35",35,147,1428.10971754425,0.00500937842138826,824449.989672572,684.337158203125,"B"
"36",36,31,1088.66914810673,0.00299775243620388,176575.535544951,92.2600936889648,"B"
"37",37,38,741.763424521999,0.00232908342641659,100919.865624754,77.558479309082,"B"
"40",41,71,816.559554408974,0.00222059895396732,230295.665370281,139.897735595703,"B"
"41",42,39,1135.26254350711,0.00456502953832234,187063.736456361,156.124008178711,"B"
"42",43,51,1119.03335511451,0.0023209802643396,217226.58987307,104.444114685059,"B"
"43",45,86,2077.95417111419,0.00303015471470323,608200.385870123,231.806838989258,"B"
"44",46,123,1227.4844489369,0.00661238499852799,189275.079703017,756.583618164063,"B"
"46",48,50,2324.09580566407,0.00598502760469125,99504.7227225742,269.686981201172,"B"
"47",49,27,1195.16688142,0.00232846075176405,34561.9913353329,78.0155410766602,"B"
"48",50,59,1195.31346828655,0.00563218674405703,28082.555982473,294.000152587891,"B"
"50",52,60,1280.49775695801,0.00295449453711873,255267.015897954,156.883666992188,"B"
"52",54,91,953.508312183423,0.0022342405107338,39505.8623804739,201.318435668945,"B"
"54",56,69,2114.60624716939,0.00216809209172532,399906.67630493,141.613891601563,"B"
"55",57,24,2085.0423227946,0.00469571696695588,234016.727897018,97.2013397216797,"B"
"56",58,76,1788.05868931821,0.00222250695388842,465782.974732043,150.019226074219,"B"
"58",60,46,805.076640253482,0.00201599428287914,9055.30565265464,90.8636322021484,"B"
"64",66,47,2251.58264679605,0.00740932526810945,314725.001302301,306.746063232422,"B"
"65",67,62,1234.85820548765,0.00247966863556582,38925.6635723163,150.798568725586,"B"
"69",71,55,1090.91685347124,0.00286286014252929,146837.374621679,139.88996887207,"B"
"70",72,59,1151.30307368909,0.0019307442193606,132082.068785076,102.808685302734,"B"
"72",74,69,904.165441540704,0.00268042269325473,87718.4677328081,164.718170166016,"B"
"73",75,24,2564.60214233399,0.00924575292383847,382613.448772198,191.387084960938,"B"
"74",76,31,2173.27268145161,0.0095646143813307,208047.860983589,273.492034912109,"B"
"75",77,75,956.653460286459,0.00201314471229813,21440.9292973896,135.174682617188,"B"
"79",81,85,861.567958697151,0.00140867177443787,47038.6342856537,106.936454772949,"B"
"83",85,76,955.028812609221,0.00130740770099995,97940.5834937698,98.1659164428711,"B"
"89",91,38,1145.99836008172,0.00237084138073417,124135.975223407,78.9490203857422,"B"
"91",94,53,1194.68441369399,0.00303144801896101,626629.452876951,143.314041137695,"B"
"96",100,50,1838.12178466797,0.00216075433899259,88801.8050840141,103.645721435547,"B"
"98",102,37,870.942856247361,0.00179134138064304,36213.1924058766,58.0394592285156,"B"
"100",104,90,2275.95962999132,0.00373032623332967,60158.489328582,298.799133300781,"B"
"102",107,118,868.836320262844,0.00190754470618891,180287.486478048,200.864456176758,"B"
"103",108,90,876.091986083985,0.00189474985406347,178267.611345486,155.664169311523,"B"
"107",112,139,2030.47341589619,0.00352595505377183,313856.217872788,453.844207763672,"B"
"109",114,61,1463.52077396581,0.0043071814829697,200981.981960989,239.98225402832,"B"
"110",116,113,1038.94900917796,0.00224620738975188,229579.423711657,237.282440185547,"B"
"111",117,101,1150.18596626508,0.00236966391457827,126654.590364886,220.365905761719,"B"
"112",118,45,1167.16862250434,0.00193747445535502,162696.468847676,95.7179489135742,"B"
"113",119,227,1912.51328993474,0.00424337931139863,738271.091278166,863.104919433594,"B"
"118",124,31,1812.9072265625,0.0108547509880736,210228.276256972,293.078277587891,"B"
"120",126,27,1171.74205638744,0.00123560655853138,2241.88455061037,31.5992088317871,"B"
"125",131,106,954.690274796396,0.00283519986925447,12099.9631602886,267.926391601563,"B"
"137",145,39,1705.96125832582,0.00493020102639045,750841.904714297,180.620193481445,"B"
"142",150,76,814.891848112408,0.00345396474624673,51323.7186583126,259.513305664063,"B"
"143",151,95,988.572422388981,0.00318661638943632,46948.6448813132,269.587738037109,"B"
"149",157,78,1005.1617556841,0.00283380074184746,40425.630939776,197.596542358398,"B"
"150",159,88,919.657218326222,0.00254424271158562,173132.577376499,197.608154296875,"B"
"154",166,71,1080.18077925561,0.00523910645861179,85632.4607050541,334.252410888672,"B"
"157",169,58,2015.6210032496,0.00686225004130648,134880.361927355,352.033416748047,"B"
"164",177,52,925.859044001653,0.00252998056684566,72847.9779443147,132.841247558594,"B"
"168",181,45,1034.49064398872,0.00510405107343104,56751.3421023989,210.639663696289,"B"
"169",182,97,1134.57738188124,0.00424125911361746,185541.524249885,377.656982421875,"B"
"177",192,24,3639.62740071615,0.00626040081260726,1270052.58475472,150.455215454102,"B"
"189",204,146,694.547344050995,0.00228639360384791,71999.0958793426,304.376831054688,"B"
"190",205,111,728.155604456996,0.00216044028916671,64494.6825620919,227.568756103516,"B"
"194",209,245,2047.00922017,0.00241456209926687,180884.518907103,530.242065429688,"B"
"195",210,161,2163.29424480178,0.00463310000614001,529737.953294702,667.175170898438,"B"
"203",219,114,280.754222802949,0.000656106321059221,1727.55269804207,71.8029937744141,"B"
"208",225,91,721.408578474443,0.00271934055886555,128214.249765339,226.727767944336,"B"
"209",226,89,786.190300073517,0.00158180872135331,25851.5236666233,126.066482543945,"B"
"223",242,49,1703.02235132334,0.00464646927866852,93784.9579780661,222.196060180664,"B"
"227",246,44,2016.24910111861,0.00495613248867178,1551424.26961556,215.053833007813,"B"
"229",248,32,1445.95623588562,0.00802400261689458,361759.955010656,229.191070556641,"B"
"239",258,28,399.967932564872,0.00146438132786123,2141.66282112961,38.7168960571289,"B"
"252",271,93,1064.20777876659,0.00442916897333382,23975.005767814,396.402282714844,"B"
"258",277,115,969.862251613451,0.0021428142166482,141668.701776968,221.630798339844,"B"
"275",296,31,1418.92288503339,0.00705993567535188,99500.8462958852,200.98063659668,"B"
"279",300,35,2940.09214564732,0.00578809616854414,174538.093072846,177.115737915039,"B"
"284",305,74,2264.23881572002,0.0084446639026681,236320.972059508,566.213134765625,"B"
"285",306,103,1036.88988309694,0.00163687328869641,39477.3823772933,150.26496887207,"B"
"286",307,75,2245.63842041016,0.00756836448390213,285701.8496523,530.984497070313,"B"
"287",308,107,1035.64524770006,0.00145293311604446,186874.923845781,138.609817504883,"B"
"288",309,98,1080.06514444157,0.0015547131189714,134619.250262647,142.593704223633,"B"
"289",310,96,1107.2414264679,0.00161260752873587,188803.395180334,139.498168945313,"B"
"290",311,117,824.636876815405,0.00211438123306866,45477.7734950289,221.050323486328,"B"
"294",315,56,2028.06806509836,0.00972202338320626,130692.723847314,488.827117919922,"B"
"300",321,93,959.471014863702,0.00238995542136051,103601.752823528,223.222946166992,"B"
"301",322,96,791.917189915975,0.00247080690215195,108381.22442774,214.22575378418,"B"
"307",329,80,481.266897964478,0.0027279400723895,18463.5360410394,194.416625976563,"B"
"310",332,103,932.796672339579,0.00174784093970255,86946.6519748581,160.451797485352,"B"
"311",333,98,933.103346844109,0.0019102197191987,156346.150906145,166.762176513672,"B"
"315",337,87,429.033933091438,0.00255184320832446,20949.0382491543,197.512664794922,"B"
"316",338,55,629.434280118075,0.00188828629594624,14440.6945736325,93.6316757202148,"B"
"318",341,94,937.610848934093,0.00237785915841639,158386.101391414,199.026809692383,"B"
"319",342,91,1163.77838486892,0.00266620086590087,49721.6028698655,215.962265014648,"B"
"321",344,25,1409.26834960938,0.00892977261294921,60891.6647205896,192.883087158203,"B"
"322",345,37,1523.00742979308,0.0146670337287813,171545.672974126,490.431610107422,"B"
"327",352,84,573.304507119315,0.00128192712750261,48587.6488083071,101.39176940918,"B"
"330",355,128,889.977333784104,0.00124160440166125,61796.3008233712,141.917221069336,"B"
"332",357,128,1204.37600612641,0.00150332814209689,50929.739313504,171.834060668945,"B"
"334",359,92,829.759718521782,0.00414080467077668,231981.627309255,339.131896972656,"B"
"347",372,36,1380.41969807943,0.005794364400208,253818.240249832,190.373229980469,"B"
"349",374,87,883.385661508845,0.00206769535387054,145824.982943104,177.033981323242,"B"
"351",376,64,1226.4759221077,0.00218958153559398,351699.559010177,130.484100341797,"B"
"360",385,78,818.917473426232,0.00189077183464391,42587.2845725802,135.640686035156,"B"
"361",386,88,676.147253556685,0.0014633870591281,21205.5703392133,126.614356994629,"B"
"365",390,43,2902.78235147166,0.00378338262505297,386877.460846871,161.608215332031,"B"
"366",391,89,1061.50704784608,0.00244336782899071,104614.594594752,203.829025268555,"B"
"372",397,71,1206.69488869251,0.00343469767561016,179298.820556785,240.57568359375,"B"
"380",405,101,1551.54866556602,0.00554851355307619,260672.058735089,506.981536865234,"B"
"381",406,97,1414.16874521787,0.00367604014597115,303015.003318864,317.89111328125,"B"
"406",434,90,986.134067789714,0.0018539290107215,180438.03959259,148.499710083008,"B"
"407",435,133,1079.90955134801,0.00484930626606166,162879.237679974,598.070434570313,"B"
"411",439,24,2479.91342163086,0.0070099478622939,522200.355560945,160.537292480469,"B"
"413",441,46,793.79151452106,0.00263280920011716,100822.692361619,110.796905517578,"B"
"414",442,48,1266.19782765706,0.00449359661743461,99737.8876020957,190.079132080078,"B"
"425",453,114,1251.07561934622,0.00216042384826187,223540.11355254,224.166351318359,"B"
"434",462,90,871.48669772678,0.00251752949398916,2257.02616934298,201.654113769531,"B"
"436",464,75,1265.83664306641,0.00448940458119142,88781.7010629506,314.035400390625,"B"
"443",471,58,1188.11387265962,0.0027202333031598,20512.835349066,160.076156616211,"B"
"445",473,167,1338.04659613878,0.0024411662175609,82079.2040386648,377.018096923828,"B"
"453",481,99,1108.92743166529,0.00238099542659665,191009.143381344,216.997329711914,"B"
"456",484,61,1065.36632800493,0.00244759522829554,35494.6195753517,143.068603515625,"B"
"457",485,93,1104.61555661437,0.00170983795333482,143829.805728417,155.279098510742,"B"
"472",502,36,621.997177971734,0.00109249705908171,24562.2271066916,40.6610450744629,"B"
"475",505,27,1729.63161440249,0.00542204426780629,67705.227361127,134.485412597656,"B"
"480",510,30,1562.50274251302,0.00327799297821034,37053.6103055483,89.4486846923828,"B"
"483",513,67,1201.5764961812,0.0031395810488682,288288.91945903,201.82568359375,"B"
"485",515,87,952.034802667026,0.0020528400625132,115863.545015573,158.88981628418,"B"
"489",519,49,1244.41178426937,0.00419968342581948,149273.198452796,202.297882080078,"B"
"490",520,48,1560.20752843221,0.00739246056207079,300899.87244044,312.701080322266,"B"
"497",527,28,1013.12577165876,0.00319858354999236,148687.665657844,77.7255783081055,"B"
"502",532,82,1136.19532292064,0.00257628521595271,244254.320347198,195.34489440918,"B"
"524",556,92,816.774416052777,0.00195881505039454,169051.767829983,174.556076049805,"B"
"525",557,93,735.149441626764,0.00179547941519084,80568.9321996358,154.364440917969,"B"
"532",564,38,2371.92396304482,0.00648158641116744,284856.197128867,215.836822509766,"B"
"541",573,35,815.192119489397,0.00292990993929219,89077.4668933393,90.0018310546875,"B"
"545",577,63,335.552157447452,0.00165680512846818,7211.69164324632,103.467376708984,"B"
"549",581,106,2205.67448338923,0.00324704542262701,440111.084288949,311.853942871094,"B"
"552",584,82,854.975267363758,0.00236876408508792,197164.669253564,197.917098999023,"B"
"556",588,79,755.681306090536,0.00210101266715449,107182.557288638,147.491088867188,"B"
"557",589,83,831.958159297346,0.00229356772597828,111738.840726383,169.26530456543,"B"
"566",598,90,802.022455512153,0.00190269562963192,60423.1177301211,157.482925415039,"B"
"572",604,73,2865.48710402397,0.00376108244869998,850252.580221187,241.790664672852,"B"
"574",606,80,2592.73945465088,0.00356178502188413,2060214.73950849,254.773544311523,"B"
"582",614,83,1732.27731286474,0.00177128100803224,103681.456994074,133.101547241211,"B"
"602",634,27,1166.17902289497,0.00207235182348925,5884.8623685566,48.493034362793,"B"
"609",641,48,1004.59789657593,0.00301710209633382,142899.910064179,127.623420715332,"B"
"611",643,29,314.597093779465,0.00136499284729195,9444.90126536034,38.5589904785156,"B"
"612",644,65,1379.65107985277,0.00454585794204831,69478.9654468319,290.617462158203,"B"
"613",645,71,1288.86883458957,0.0028131751546815,16331.7161660943,177.230041503906,"B"
"615",647,79,1065.46498281745,0.00211044319476992,113024.255930035,179.906555175781,"B"
"618",650,108,841.949287697121,0.00203121461533989,138780.794979605,201.756439208984,"B"
"628",665,132,792.469668764057,0.00272687799455011,60299.9066174948,328.899169921875,"B"
"629",666,91,650.324069180332,0.00232965396571672,27681.848909877,245.961349487305,"B"
"632",669,93,954.914782452327,0.0015134012270684,181045.672284206,127.725372314453,"B"
"638",675,85,914.190307617188,0.00157855727822954,126996.392915884,124.45726776123,"B"
"640",677,40,944.328952026368,0.00126168502864834,4335.80143921853,45.3433609008789,"B"
"641",678,170,907.163336181641,0.0033057979411396,57548.4112722002,513.6083984375,"B"
"642",679,139,1070.72544630311,0.0024559909745775,40678.151414958,306.722106933594,"B"
"652",689,89,2188.57847955254,0.00406882772420597,439982.716984354,322.253784179688,"B"
"653",690,80,2118.35521697998,0.00541579449045342,262568.628189203,399.064453125,"B"
"675",712,39,1527.89401479868,0.00333772267836857,38435.2317813092,131.285415649414,"B"
"676",713,73,1507.88068212222,0.00492848960453153,137214.972367259,335.653747558594,"B"
"677",714,53,1057.49027468124,0.00517401029355824,511620.753672136,250.980712890625,"B"
"681",718,35,1543.02183314732,0.00720397630014786,237583.396535248,232.160247802734,"B"
"687",726,92,1971.84668632176,0.00321369955062247,179821.908049334,296.988464355469,"B"
"688",727,113,2095.45236017008,0.00221951343798667,78667.6494096466,226.290939331055,"B"
"699",738,74,717.987310048696,0.00235423202850317,227112.80575648,154.673049926758,"B"
"700",739,34,1803.87884521485,0.00361218822813085,714407.61354051,107.28199005127,"B"
"703",742,45,552.960828314887,0.00295957710146798,27966.3933984797,117.199256896973,"B"
"707",746,106,2410.82448131633,0.00479008776102481,1597739.01796993,475.504211425781,"B"
"708",747,82,994.128986637768,0.00350648190511425,118858.02973364,289.477020263672,"B"
"715",754,140,544.534350149972,0.0015716447134581,9261.04666044654,196.614776611328,"B"
"720",759,159,941.534588507886,0.00234865812229986,169713.326063294,344.741333007813,"B"
"733",772,39,1162.49073987129,0.00213903552311852,25131.3471256515,74.3372039794922,"B"
"734",773,28,2436.08130754744,0.00936708222488286,180821.199225688,245.225662231445,"B"
"735",774,30,2010.63202311198,0.00257807807165905,145621.700643425,67.287841796875,"B"
"736",777,29,1186.95407420191,0.00397799720875419,284760.25286742,106.525688171387,"B"
"740",781,86,963.38551366052,0.00289705263978035,55095.8344065271,225.720230102539,"B"
"741",782,92,969.63792817489,0.0022406966507353,117862.2681853,189.138122558594,"B"
"743",784,94,1094.26114216257,0.00170925393389533,145312.22729124,158.084930419922,"B"
"759",801,77,899.793046431108,0.00166864938747542,167171.592456407,114.690086364746,"B"
"766",808,83,699.226090396743,0.00265594185315777,59892.6174960889,197.605697631836,"B"
"768",810,104,1063.06149233305,0.00177005539267907,213712.679439069,164.088745117188,"B"
"769",811,99,1022.17918133977,0.00202632557482836,212768.996046965,178.722839355469,"B"
"783",826,79,2127.91555979282,0.00346681835192915,1001885.81885141,269.827545166016,"B"
"794",837,86,825.663671094318,0.00248502719024306,98367.0565610949,190.105133056641,"B"
"795",838,158,935.795520541035,0.00254852084404415,61233.2643351016,369.115386962891,"B"
"797",840,27,541.262436478226,0.0012642214956381,5075.14470716962,38.9413032531738,"B"
"798",841,27,1097.43783456308,0.00124251705598838,6559.32524552138,37.1617279052734,"B"
"805",848,95,1179.82733989515,0.00396547662379081,178107.046800279,346.461181640625,"B"
"811",854,88,954.528436834162,0.00260172973051748,53903.828824117,204.010986328125,"B"
"816",859,94,800.278750155835,0.00243383019496637,89848.9532544362,203.949295043945,"B"
"817",860,26,866.846496582031,0.00288835285813547,192128.616258904,66.8080139160156,"B"
"822",865,137,1369.89611014485,0.00169919935754425,148744.097504276,211.815155029297,"B"
"832",877,71,1880.11485269036,0.00594105111168964,125422.695261766,383.432647705078,"B"
"834",879,80,2091.37950134277,0.0053929447147058,146173.146645303,386.874298095703,"B"
"835",880,82,665.404084740616,0.00198467488326621,1567.10274353175,159.763473510742,"B"
"856",905,35,991.583879743304,0.00162933460138875,10994.0523933748,49.8576393127441,"B"
"857",906,85,1209.90815070657,0.00164809994766117,166607.076145959,124.599472045898,"B"
"858",907,31,954.258899319557,0.00263315001696658,134077.67799417,81.7420425415039,"B"
"865",914,25,1837.90083496094,0.00637918296342832,383905.895813438,148.714736938477,"B"
"870",920,27,1012.73903175637,0.00341424275841116,39945.4580593027,79.8932800292969,"B"
"875",926,106,721.735184579526,0.00245778500476653,40762.8217245782,233.555755615234,"B"
"879",930,43,1264.45688788835,0.00319327554565721,385336.115779604,124.756553649902,"B"
"886",937,108,946.550343831381,0.00301328589394471,121265.654985721,296.158752441406,"B"
"896",947,70,1146.6288722447,0.00262497519129217,223911.715555717,163.10285949707,"B"
"904",955,80,905.957903289795,0.00228486438052503,122031.526609354,163.608062744141,"B"
"905",956,88,802.630052046343,0.00222310968828602,28967.1077358382,177.75813293457,"B"
"906",957,104,982.287687448355,0.00351827261682365,53340.2190694413,333.691558837891,"B"
"907",958,46,1301.72471419625,0.00598228857335117,42891.5066484136,280.685516357422,"B"
"908",959,67,1151.50405291657,0.00287617328770769,26112.9229657497,178.704620361328,"B"
"914",965,84,981.531441461473,0.0024126427429055,76157.5855512202,181.807495117188,"B"
"922",973,75,2247.18406738281,0.00229115648796102,211473.211557181,175.389923095703,"B"
"925",976,41,1901.69101026582,0.00778241609441465,157381.519405013,280.1669921875,"B"
"926",977,80,1455.1046081543,0.00328768323406966,268643.562021086,243.711608886719,"B"
"938",989,57,713.287576240406,0.00304664923273127,6482.15753012491,159.556732177734,"B"
"939",990,29,2135.25970879917,0.00712523023997035,1909148.56328384,213.0458984375,"B"
"943",994,73,975.546725338453,0.00307995288110558,8899.087767349,214.48844909668,"B"
"949",1000,29,1717.34582098599,0.00358432982466184,990264.007752071,99.631217956543,"B"
"952",1003,74,1407.86408377983,0.00385106870089658,231645.758383878,253.020309448242,"B"
"953",1004,86,641.493278680846,0.00235531970718191,7541.21579198754,183.281478881836,"B"
"959",1010,39,1048.86778063652,0.00275694301786931,14165.7365299188,95.1896743774414,"B"
"969",1020,55,1093.28216885654,0.00688505452557433,57969.6261028225,352.395935058594,"B"
"971",1022,58,1163.14759142646,0.00499457648900141,62086.2571914418,261.3955078125,"B"
"975",1026,45,1013.10555826823,0.00387853783534162,83717.8434114474,153.590103149414,"B"
"983",1034,35,1890.69632742746,0.00653700591261868,514683.821644921,211.564224243164,"B"
"984",1035,67,1612.18689511427,0.0034019828330422,228616.786789415,216.754791259766,"B"
"990",1041,81,1110.9013965748,0.00224806390069716,288081.920250871,161.86555480957,"B"
"991",1042,87,1190.83723116469,0.00276902094578132,202326.334167388,222.341064453125,"B"
"1000",1052,38,393.817424573397,0.00345573040996552,8220.778287212,115.075820922852,"B"
"1017",1070,93,2528.30692151798,0.00367544476877969,1187602.21409219,387.213653564453,"B"
"1036",1089,65,963.060646409255,0.00278755185354385,45494.4513079298,166.282302856445,"B"
"1038",1091,78,1181.31380051833,0.00286400605801209,87322.8976645839,212.620697021484,"B"
"1043",1096,66,1227.13398419005,0.00586136891506613,75504.5879498801,354.405853271484,"B"
"1071",1125,83,387.601536762284,0.00279927238479126,17580.5055703138,206.589202880859,"B"
"1072",1126,82,398.360952237757,0.0037012091244249,6904.10372891352,269.820648193359,"B"
"1078",1132,68,1317.83221435547,0.00237773779220184,30342.4989322232,146.173080444336,"B"
"1099",1155,80,1060.24621810913,0.00452798294972575,108273.906057436,323.592071533203,"B"
"1115",1171,77,785.282368449422,0.00306673683180155,24310.1876054129,209.767379760742,"B"
"1121",1179,61,1083.68003670114,0.0013830628983366,11023.3585930243,93.6654281616211,"B"
"1126",1184,90,1263.12128228082,0.00364687912812943,172092.121475057,296.2646484375,"B"
"1127",1185,72,1269.1840294732,0.00365494865256781,330123.931301093,249.121810913086,"B"
"1143",1204,69,1341.31026027514,0.00430797112194876,44302.6400534506,277.752624511719,"B"
"1145",1206,38,1603.74308375309,0.00809279012153982,146075.670065143,275.076171875,"B"
"1146",1207,94,1014.59169558261,0.00226794471961111,165141.592551058,191.578201293945,"B"
"1147",1208,100,1027.63982849121,0.00155825697135761,50290.7499043071,138.840972900391,"B"
"1156",1217,79,916.725064434583,0.00387688292931461,35784.5589942135,274.079772949219,"B"
"1158",1219,78,1237.78043698042,0.00285732093253536,113668.797700148,198.015121459961,"B"
"1159",1220,84,1186.29741777693,0.00221631603497109,159567.421366474,165.56086730957,"B"
"1160",1221,88,1001.71971269087,0.00244063586424822,74260.2599399247,191.107192993164,"B"
"1161",1222,84,969.620696294876,0.00307719645802919,93084.3927514882,229.867889404297,"B"
"1165",1226,57,871.031867847108,0.00204968918478698,194409.928961731,103.309364318848,"B"
"1168",1229,84,1198.44560895647,0.00176385284150061,284742.740610387,135.945602416992,"B"
"1169",1230,73,978.754405400525,0.00211529715771677,73286.8998462239,149.35791015625,"B"
"1175",1237,67,1481.27136777052,0.00388220865208881,997643.855252278,277.400939941406,"B"
"1190",1252,53,1059.35599042785,0.00338212766781418,89034.2863413166,183.105407714844,"B"
"1191",1253,81,956.217676986883,0.00166641190926384,95274.0728337377,120.556930541992,"B"
"1192",1254,52,918.339148888221,0.00224038668595455,15737.4173299988,110.290870666504,"B"
"1196",1258,28,1043.67309570313,0.00259495998896589,5846.93473416046,72.7327270507813,"B"
"1197",1259,70,1134.54589494978,0.00242190364751614,221195.923672583,168.079849243164,"B"
"1198",1260,77,1024.41405298803,0.00222183483913939,167732.349305573,153.965911865234,"B"
"1200",1262,74,846.448514371305,0.00266679145685997,94283.5526326597,194.552841186523,"B"
"1204",1266,93,633.822820519888,0.00248802740901263,85692.0821034137,207.15771484375,"B"
"1206",1268,96,676.478586832682,0.00196040152353051,80821.1760687741,167.616180419922,"B"
"1210",1272,103,957.003287602398,0.00236933237822229,98175.0038842141,217.513046264648,"B"
"1211",1273,90,771.90510796441,0.00196004591769738,83220.5281930004,157.001235961914,"B"
"1212",1274,73,959.364626531732,0.00239661011275732,58158.2091727923,157.976531982422,"B"
"1228",1290,71,1955.2763293629,0.00294182939479859,529296.079705865,185.336761474609,"B"
"1229",1292,72,1861.9293779797,0.00550971244392969,981213.114775616,352.079284667969,"B"
"1253",1316,102,1119.81426186655,0.00247471546141908,147925.525466265,224.95556640625,"B"
"1255",1318,100,881.994883880615,0.00262345897131999,160719.181913659,233.754104614258,"B"
"1256",1319,27,805.556916413484,0.00245560827897862,42731.4981473857,64.597900390625,"B"
"1258",1321,75,701.001365559896,0.00439975089928437,370467.767906014,398.106109619141,"B"
"1260",1323,25,156.667629394531,0.00335925632559035,174.774466877729,93.529914855957,"B"
"1262",1325,38,730.126262464021,0.00285439318473879,1461.68821848247,95.0549621582031,"B"
"1267",1331,71,1232.01029001155,0.0036712504596965,1006651.64459373,241.592910766602,"B"
"1275",1339,39,792.150964981471,0.00792827192497881,22836.3473888954,279.651885986328,"B"
"1281",1347,44,906.796296553179,0.00209035677632295,204582.561259323,85.8650360107422,"B"
"1283",1351,70,991.037027413505,0.00247904124177918,163850.289584847,153.951919555664,"B"
"1286",1354,77,1296.64003287972,0.00280198993258589,509779.918121071,191.93391418457,"B"
"1290",1358,32,1630.70030975342,0.00422722014463357,75092.3897630349,125.569175720215,"B"
"1302",1371,67,653.120663315503,0.00132818321523673,289022.542793754,85.3276519775391,"B"
"1306",1375,98,772.657622668208,0.00265626567109853,45207.0021045727,251.874374389648,"B"
"1308",1377,113,748.085707402863,0.00344042726776804,28324.7959808315,400.7490234375,"B"
"1318",1388,84,1325.66327049619,0.00226735853655292,474190.437576364,169.373123168945,"B"
"1319",1389,85,1189.92999698415,0.00229310368602109,301862.895789713,173.362594604492,"B"
"1320",1390,148,759.192158054661,0.00228841505477682,6060.95921257909,302.758819580078,"B"
"1322",1392,96,1009.59160995483,0.00266513068774274,47921.1733893734,227.869888305664,"B"
"1324",1394,132,1082.6625585845,0.00288739722861485,150876.946972699,340.426940917969,"B"
"1325",1395,99,970.61360368825,0.00213242762140221,64769.8151985842,188.083480834961,"B"
"1327",1397,124,1098.50426790791,0.00417542629671753,276964.023284621,486.76611328125,"B"
"1329",1399,84,1205.60114324661,0.00310613167456755,67247.2847636606,244.160934448242,"B"
"1330",1400,76,1068.14178707725,0.00252846243005479,90878.0220688108,170.687286376953,"B"
"1333",1403,46,1562.9594116211,0.00148018713937038,222132.541058153,64.4666442871094,"B"
"1336",1406,37,3989.90101747255,0.00469141857886118,1996000.1022435,184.131759643555,"B"
"1346",1419,46,825.278971796451,0.00118574007032698,14798.640613251,48.0239486694336,"B"
"1348",1421,27,1786.38922797309,0.00291504763299599,347876.595079627,68.2200622558594,"B"
"1353",1426,30,580.104822794597,0.00221622104361123,31704.8109098056,58.2158660888672,"B"
"1355",1428,100,1071.68492675781,0.00231547144725519,245885.477861768,208.317337036133,"B"
"1356",1429,112,959.404611860003,0.00264112136295529,76719.0087809277,269.453399658203,"B"
"1365",1438,60,786.39797668457,0.00558639067852617,16318.1605764895,296.650909423828,"B"
"1372",1447,77,1250.39371797636,0.00219244464594675,197518.904279695,152.620468139648,"B"
"1373",1448,79,1271.09470029421,0.00324678623478692,162992.575702764,263.397094726563,"B"
"1377",1452,134,805.619020376632,0.0024109603922748,75837.6740925762,310.085021972656,"B"
"1378",1453,77,699.852795885755,0.00345796977968635,19209.3546004725,243.092895507813,"B"
"1379",1454,90,884.175739881728,0.00260694895977589,126478.932021266,217.494201660156,"B"
"1383",1459,71,977.925430512765,0.00213788125609946,74999.4486866091,144.202835083008,"B"
"1384",1460,80,945.088488769531,0.0020686584508969,106937.867135508,157.326019287109,"B"
"1396",1472,86,866.522138728652,0.00327698145359618,27575.1150975595,250.694961547852,"B"
"1397",1473,93,938.863611364878,0.00274836295869571,94859.8497703916,227.570816040039,"B"
"1402",1480,132,1293.24807045677,0.00398094760976511,50006.8596879348,502.867004394531,"B"
"1404",1482,73,1059.98771771993,0.00208248662683117,8545.21032045105,137.234115600586,"B"
"1408",1486,68,640.757021286908,0.0035533227698457,13788.1959686144,247.001205444336,"B"
"1409",1487,54,914.210687707972,0.00422333704388947,88526.442884684,201.457229614258,"B"
"1410",1488,113,953.463793729259,0.00310140991262285,159601.206250235,338.594848632813,"B"
"1417",1495,33,1066.20031923236,0.0068790726872976,69018.2014316797,202.878784179688,"B"
"1422",1500,71,897.182098818497,0.00218491190691046,64560.1135230608,139.789367675781,"B"
"1426",1504,95,1979.94543055484,0.00364097095920675,1040474.66494465,308.031982421875,"B"
"1429",1507,79,1189.25654466846,0.00552130998328674,187413.1445601,391.933868408203,"B"
"1430",1508,47,3346.43195748837,0.00327817619583347,233734.995334267,158.032760620117,"B"
"1437",1515,90,653.503863186306,0.00350532970937974,53194.406119811,280.778625488281,"B"
"1438",1516,89,758.279425460301,0.00233791546849137,82514.5194195242,185.165283203125,"B"
"1441",1519,32,1181.40727043152,0.0040331048019711,30706.3888447421,126.43098449707,"B"
"1446",1524,41,2581.63034727515,0.0044252427534957,92572.8298131904,173.932495117188,"B"
"1447",1525,31,1077.88909321447,0.0028594160345771,81235.7974569504,85.0610580444336,"B"
"1448",1526,28,1712.36138916016,0.00337884845039635,1385883.20354129,85.3442001342773,"B"
"1453",1532,24,1676.82893371582,0.00356329459464178,131121.280358599,73.7633514404297,"B"
"1456",1535,61,1066.69334636751,0.00263756894758747,60844.1601749477,148.071014404297,"B"
"1469",1548,63,992.17224217975,0.00181275623347779,86837.9236980886,101.153503417969,"B"
"1470",1549,80,887.322232818604,0.00206365595497832,18705.384137883,146.731369018555,"B"
"1473",1552,45,1291.01859266493,0.0048411357618699,166398.299016355,195.416580200195,"B"
"1474",1553,76,1405.55894309596,0.00483172090908435,153312.060811313,326.147552490234,"B"
"1484",1564,91,1514.19583498777,0.00411456186880564,445392.576087717,343.248352050781,"B"
"1485",1565,115,1432.2400586999,0.00296689174717214,497825.227748903,311.034912109375,"B"
"1487",1567,96,743.664946715037,0.00260074120979928,91536.9374064925,222.379241943359,"B"
"1489",1569,61,801.700390424885,0.0039204022391156,66979.9101231828,223.763046264648,"B"
"1496",1578,93,1291.99344823694,0.00220624705853761,109370.363607973,182.687576293945,"B"
"1507",1589,63,1217.82785470145,0.00448894272466855,168413.41571268,252.288818359375,"B"
"1508",1590,33,1453.08854351622,0.00695852597164048,437261.799486365,205.53564453125,"B"
"1510",1592,100,1001.51131408691,0.00254753741951344,10631.8956112493,226.986267089844,"B"
"1517",1601,67,1265.80142712949,0.0030016159792219,157591.307611893,227.490417480469,"B"
"1520",1604,39,1434.18224158654,0.00302386948360914,346928.196603376,103.422454833984,"B"
"1527",1611,87,933.86301816743,0.00203885424572184,5718.39350643035,157.811157226563,"B"
"1529",1613,78,1114.93958302033,0.00352677771203256,458312.540636596,284.203826904297,"B"
"1535",1620,38,1264.95440834447,0.00327589593369929,189627.396806129,121.309638977051,"B"
"1540",1625,39,387.075522398338,0.00359762485114564,22524.0444299447,125.907119750977,"B"
"1541",1626,103,1160.44938941141,0.00216380648035898,132687.501773009,198.642913818359,"B"
"1554",1640,68,903.681785134709,0.00475373135535602,17256.2848329724,297.465209960938,"B"
"1560",1646,80,1756.35033798218,0.00389994229205709,193729.047266957,277.300811767578,"B"
"1565",1651,84,2041.99957420713,0.00321254744271591,229856.099330288,273.591857910156,"B"
"1566",1652,100,2117.33421142578,0.00315133619534952,218163.159773274,286.295745849609,"B"
"1567",1653,55,1351.13623046875,0.0034308354437666,97770.5873230105,191.219161987305,"B"
"1587",1674,70,723.679277256557,0.00421017808527551,112936.649114512,283.684600830078,"B"
"1602",1689,106,758.449065586306,0.00335394762625496,142509.077668176,319.750091552734,"B"
"1603",1690,31,2570.06821761593,0.00436317228692739,431198.421219621,124.507514953613,"B"
"1604",1691,79,2031.4757620896,0.00459006895275357,530414.034938206,348.605590820313,"B"
"1616",1703,73,1624.01352472175,0.00497102961869839,96203.5062998194,346.597076416016,"B"
"1618",1705,25,721.654118652344,0.00284647048586824,11480.0668358941,80.6967544555664,"B"
"1620",1708,108,1553.78762591327,0.00321930531623434,451241.950087579,311.393524169922,"B"
"1621",1710,106,1712.0856634176,0.00350677267165988,151429.685149176,331.702911376953,"B"
"1632",1723,92,2532.67285952361,0.00308880416224173,199919.156682501,252.973068237305,"B"
"1633",1724,86,1906.22397063499,0.00309142503949047,129678.450152719,236.494018554688,"B"
"1639",1730,52,955.691176194411,0.00297958691497151,134901.44720622,137.814010620117,"B"
"1653",1744,51,926.388388241039,0.00252061337989289,170639.935439232,113.427604675293,"B"
"1661",1752,88,753.77733334628,0.00269574031063848,68075.876381024,212.950729370117,"B"
"1663",1754,85,760.423823098576,0.00224912394350256,114757.745050608,191.031600952148,"B"
"1674",1765,77,1755.46868341619,0.0043533778332762,169957.448538347,301.2177734375,"B"
"1683",1774,54,1247.72044994213,0.00479637681537325,85208.6567229157,271.215057373047,"B"
"1688",1780,69,854.204227171083,0.00286114013686208,99705.7391805585,199.863616943359,"B"
"1697",1789,64,1303.8241930008,0.00516568165432314,46455.7121788497,299.118377685547,"B"
"1700",1792,97,1018.85478289103,0.00254739743286336,114189.272515489,237.355422973633,"B"
"1701",1793,86,1034.95675801122,0.0025094145350843,126684.02147545,196.161865234375,"B"
"1703",1795,85,919.223701746324,0.00198350615149442,12957.0755953664,154.762176513672,"B"
"1704",1796,75,1620.85507161458,0.00222432238484003,46569.1238253596,161.323226928711,"B"
"1705",1797,65,1420.33226787861,0.00214290855956278,52730.4112890939,123.431533813477,"B"
"1706",1799,48,2024.66512171428,0.00707512323130319,304734.777857044,308.52685546875,"B"
"1710",1803,33,755.834247011127,0.00260119100039446,4475.62215561967,77.6268463134766,"B"
"1711",1804,60,1735.1774597168,0.00265538579882004,75705.1628201274,148.617904663086,"B"
"1716",1809,89,994.496156156733,0.00212783089537797,187704.392424379,179.154891967773,"B"
"1718",1811,27,1269.61639630353,0.00276552543912728,95770.2379141962,64.7132949829102,"B"
"1733",1826,82,843.282227306831,0.00259337264117081,75817.7045728721,202.663757324219,"B"
"1734",1827,75,701.863823242188,0.00216745934881761,78437.1569578742,152.63298034668,"B"
"1748",1842,59,2190.198509087,0.00629207019690135,480077.848095476,340.821807861328,"B"
"1749",1843,55,2086.57629394531,0.00810120608474352,426496.657803967,403.251037597656,"B"
"1755",1849,72,1107.28037431505,0.00456151089214549,318657.062928016,328.043182373047,"B"
"1756",1850,26,1269.4294903095,0.00504980364115909,135505.279370179,129.038650512695,"B"
"1764",1858,41,1789.95193704745,0.00347393518459285,1191182.8939727,125.061668395996,"B"
"1765",1861,66,2261.74118689335,0.00280244997702539,2379524.50430519,173.31950378418,"B"
"1768",1864,37,2441.12392116238,0.00228286726430977,236878.089040555,73.9648971557617,"B"
"1771",1867,24,1123.32258605957,0.00197293498280013,5158.80320243327,42.058708190918,"B"
"1784",1880,88,1442.0258733576,0.00357229091998474,93024.5246793783,366.539276123047,"B"
"1785",1881,90,1154.431052653,0.0021759513100927,148208.62882497,175.428726196289,"B"
"1787",1883,61,1115.83126781026,0.00360401097956734,25954.3861698131,198.762771606445,"B"
"1790",1886,83,988.921827201384,0.00229142856373872,244483.3306155,181.918960571289,"B"
"1793",1889,104,952.152885437012,0.00193319234556803,174615.51523128,188.594360351563,"B"
"1795",1891,90,933.556147596571,0.00237187904770436,137081.664417333,196.006454467773,"B"
"1796",1892,90,946.513736979167,0.00210953345067741,128386.671415264,170.386444091797,"B"
"1824",1920,45,950.573162163629,0.00224952373570308,13876.7970240275,96.7140426635742,"B"
"1832",1930,77,2151.95066139915,0.00409442060136873,598048.999703727,297.393737792969,"B"
"1833",1931,44,3032.28197687323,0.00503465008846116,741698.87094368,194.840957641602,"B"
"1842",1940,31,791.920420985068,0.00474230477508778,147049.729867984,147.245559692383,"B"
"1852",1950,107,869.419040002556,0.00294827911843726,85152.1880635391,296.650054931641,"B"
"1853",1951,28,2472.44069998605,0.0030531499888403,214871.509585018,74.1915435791016,"B"
"1856",1955,67,878.923687835238,0.00218988870002442,45807.2851533863,140.566879272461,"B"
"1864",1967,84,1226.84226989746,0.00308647293440369,99584.1712084963,230.994064331055,"B"
"1865",1968,25,1264.91711181641,0.00572999466385227,373888.853794297,123.767883300781,"B"
"1870",1973,86,824.097127515217,0.00309476543128874,38559.9132967458,236.749557495117,"B"
"1871",1976,40,1456.99540100098,0.00506163893404823,10860.1572324613,178.517013549805,"B"
"1872",1977,60,1603.04601033529,0.00322051053981186,8265.57433899047,172.953247070313,"B"
"1883",1988,30,1101.50739135742,0.00770472920527842,723189.050267384,227.771087646484,"B"
"1887",1992,85,1529.31871840533,0.00472778866657921,663510.442224437,360.758422851563,"B"
"1888",1993,36,1430.17694769965,0.00435007992865784,371253.502248049,137.02751159668,"B"
"1889",1994,92,828.460513571035,0.00241951988853264,47885.1044096975,233.567108154297,"B"
"1891",1996,73,786.469144638271,0.00235522368732038,87099.8368724492,157.901519775391,"B"
"1898",2003,98,626.113586114377,0.00199909732897872,7559.56223824456,177.718231201172,"B"
"1902",2007,79,763.848033277295,0.00342793098034469,85099.6610265819,245.27262878418,"B"
"1903",2008,77,731.997773405794,0.00198211534294196,49830.9427417031,137.082626342773,"B"
"1907",2013,57,835.992311711897,0.00493433723841008,61795.8222002964,288.566070556641,"B"
"1919",2025,64,1949.37616539002,0.00308217656995458,127064.827716931,174.759414672852,"B"
"1921",2027,46,1497.18998651919,0.00351214798671814,103528.771147837,158.428024291992,"B"
"1922",2028,44,1275.68195828525,0.00355485227462554,98103.2192478784,175.191314697266,"B"
"1947",2053,93,939.636182559434,0.00184991983484867,117453.017724167,158.938583374023,"B"
"1948",2054,83,767.425555493458,0.00220742307158993,67895.1083960577,165.684417724609,"B"
"1964",2072,79,1178.76626857323,0.00330916974650254,176875.220863578,289.4609375,"B"
"1966",2074,82,2074.68795701934,0.00351712139421085,216580.491981873,256.398162841797,"B"
"1967",2075,87,2241.82247468795,0.00435921521014723,142156.19058683,341.451843261719,"B"
"1969",2077,84,911.593568347749,0.00255403597786579,38776.9785494155,196.098037719727,"B"
"1970",2078,83,753.352458907897,0.00240158436476699,19646.9084872482,177.236923217773,"B"
"1971",2080,99,899.455339528094,0.00176669177848713,29033.0476874021,157.603103637695,"B"
"1972",2081,102,836.090367335899,0.00189620354037045,83495.8571372715,172.364898681641,"B"
"1974",2085,93,1140.88501895371,0.00245376040149257,13240.9414343714,221.369140625,"B"
"1975",2086,77,1074.22230906301,0.00347921529512525,135119.187742382,269.209808349609,"B"
"1976",2087,68,965.554152544807,0.00217794104906689,278679.25676425,132.940551757813,"B"
"1987",2101,70,1188.72548217774,0.0063645959961687,22063.2663964403,409.922607421875,"B"
"1988",2103,30,1825.40647786458,0.00491055739332986,1005763.68036128,149.716217041016,"B"
"1992",2107,98,855.326856340681,0.00211136676342594,83483.0042518467,184.322311401367,"B"
"1993",2108,94,814.175936435132,0.00189728884812525,104652.757297655,158.803070068359,"B"
"1995",2110,65,1705.36044734075,0.00220960266142356,372776.468815013,145.739822387695,"B"
"2006",2121,72,897.657953898112,0.00215421014868746,196276.782418822,137.654022216797,"B"
"2020",2136,77,924.844441995992,0.00215244719947805,134312.946550989,148.107559204102,"B"
"2021",2137,72,977.449509514703,0.00169957558426458,46933.3989356664,118.366195678711,"B"
"2022",2138,96,1021.69643497467,0.0020673004483749,72841.9007558545,184.90998840332,"B"
"2027",2143,97,929.138002375967,0.00146840092277974,3288.68710580357,127.386505126953,"B"
"2028",2144,97,1100.2021150884,0.00149594388343151,120256.1321567,129.249557495117,"B"
"2035",2151,59,754.24496097888,0.00234890690450717,297049.370725222,143.102478027344,"B"
"2036",2152,94,673.690269307888,0.00240900529337601,67065.8559102944,202.823211669922,"B"
"2046",2163,27,1721.53271484375,0.009024762633579,384247.405695724,211.179443359375,"B"
"2051",2168,92,952.212867405104,0.00391250560866096,13038.5088843017,326.522674560547,"B"
"2055",2172,66,883.377603241892,0.00253126324790243,31507.066344171,156.547729492188,"B"
"2063",2180,83,1493.49580401685,0.00321762710536415,276547.531744612,266.764770507813,"B"
"2067",2184,78,1266.95286364433,0.00202353950816678,299064.046078716,141.687225341797,"B"
"2068",2185,75,1314.41390625,0.00259957935604443,512570.370003872,175.517456054688,"B"
"2072",2189,87,900.29827600238,0.00195085128050482,47924.4326200292,150.995895385742,"B"
"2076",2194,95,1241.87945877878,0.00632837431336892,133931.324066753,543.443786621094,"B"
"2077",2195,72,1378.76325141059,0.00582012778285786,257461.895425893,371.906158447266,"B"
"2080",2198,76,1087.40877091257,0.00245886845824619,32800.7105172109,184.424560546875,"B"
"2093",2211,43,966.735998819041,0.00277907630134862,17190.8698685791,106.541282653809,"B"
"2100",2218,80,875.763524627686,0.00189221683757739,123369.546441199,142.093383789063,"B"
"2102",2220,87,2878.3738045528,0.00229115993935794,810113.09018599,191.253311157227,"B"
"2111",2230,70,1322.16050676618,0.00226500179902043,52283.5932305572,141.945770263672,"B"
"2114",2233,70,582.492967442104,0.00336882401809461,7489.42574136367,229.192520141602,"B"
"2118",2237,82,732.037848495856,0.00204292279729234,117993.983197297,148.929077148438,"B"
"2120",2239,92,868.966952116593,0.00232694896416493,85789.4681540274,191.396194458008,"B"
"2121",2240,86,792.461801218432,0.0016111698364565,11864.5091837138,123.254493713379,"B"
"2128",2247,87,1071.66989030509,0.0024550748495913,243021.790532511,193.03547668457,"B"
"2129",2248,76,1199.5603958933,0.00331950742285699,202302.886851745,227.946624755859,"B"
"2132",2251,40,1531.50225219727,0.00494733304143525,60383.7713214694,204.966461181641,"B"
"2133",2252,82,1353.37492407822,0.0019475337857004,9281.45114299382,149.594116210938,"B"
"2136",2255,77,1022.5987818334,0.00172993567129628,141913.238191921,118.711982727051,"B"
"2139",2258,76,462.078132227848,0.00318202219389301,122676.045825494,230.538558959961,"B"
"2145",2264,89,581.681663598907,0.00157653685958146,1864.7728342836,129.215057373047,"B"
"2146",2265,62,1409.9728452621,0.00278302748901311,241133.941112867,186.175888061523,"B"
"2147",2266,57,1203.99320154023,0.002801104939603,35958.2804040825,141.175689697266,"B"
"2150",2269,83,1074.93871702631,0.00193031831236667,83705.8178957558,142.457489013672,"B"
"2151",2270,92,1239.41860364831,0.0021015223872702,199164.640721536,172.114685058594,"B"
"2153",2272,78,902.781170184796,0.00265309218522887,72795.6433225322,195.141067504883,"B"
"2175",2295,90,561.947740003798,0.00446936366242472,5683.66767647137,360.959259033203,"B"
"2183",2303,55,1211.62359619141,0.00430581394579753,32611.4642674724,228.860702514648,"B"
"2190",2310,74,1385.49367873733,0.00352185847012849,58562.7515719028,248.292343139648,"B"
"2191",2311,90,983.036503770617,0.00240124791718004,135938.600467971,192.339965820313,"B"
"2192",2312,90,1036.27978244358,0.00258127180908498,154028.657275518,206.759872436523,"B"
"2206",2326,41,673.138023562548,0.0057712165367775,10333.9645744075,221.185485839844,"B"
"2211",2332,75,1276.07184651693,0.0030875801654671,45682.2910123215,208.030746459961,"B"
"2213",2334,33,2733.49011970289,0.00659827770778066,932512.446704052,228.63053894043,"B"
"2220",2341,88,659.280171481046,0.00177901208931955,2030.27529686833,139.296646118164,"B"
"2221",2342,85,738.803011546416,0.00237304997877107,9225.44588239123,183.998336791992,"B"
"2225",2346,79,700.446486074713,0.00324329296656801,14427.6763310882,249.459533691406,"B"
"2227",2348,88,1060.59518363259,0.00193439881135335,114472.59481498,151.463424682617,"B"
"2228",2349,86,1082.30906003021,0.00399924100390362,71509.817830876,311.81640625,"B"
"2230",2351,87,937.325626066362,0.00306472713351087,12192.1103310129,244.870010375977,"B"
"2257",2378,85,1124.106202608,0.00204276312468296,173652.140058657,158.980499267578,"B"
"2258",2379,79,1119.86744400218,0.00166224074648478,188948.506841107,119.689231872559,"B"
"2259",2380,86,982.019525572312,0.00218028443084811,12649.7308159146,169.350143432617,"B"
"2261",2382,85,617.724279426126,0.00290095085334282,2270.06662966294,225.957305908203,"B"
"2268",2389,66,2236.24734589548,0.00404804960954397,157357.05890588,236.810897827148,"B"
"2269",2390,24,5551.10921223958,0.00373181143937551,858592.299159872,102.722305297852,"B"
"2271",2392,31,665.525831653226,0.00349071921082214,24326.3672488851,136.895736694336,"B"
"2272",2393,54,530.130991052699,0.00514970838865441,267207.929651776,251.528259277344,"B"
"2274",2395,46,1665.02043350883,0.00215882129333396,434220.779100438,95.0844268798828,"B"
"2281",2402,84,1886.37345377604,0.0035221497030334,134969.314066985,265.030059814453,"B"
"2284",2405,38,2561.93754497328,0.00414152272246979,671464.404904253,142.513092041016,"B"
"2294",2416,41,1654.61177174638,0.00522061252049752,645317.578318121,198.668304443359,"B"
"2302",2424,53,1355.54293880823,0.00251552130290433,185013.242698683,133.008529663086,"B"
"2316",2438,76,1767.70342495567,0.00425008419939937,562072.791954313,286.880676269531,"B"
"2317",2439,70,1897.48036237444,0.00406924049383488,658853.845402234,252.699829101563,"B"
"2326",2450,83,1343.00525196489,0.00343083936001299,217081.119675119,253.195938110352,"B"
"2328",2452,59,2220.24104955641,0.00414051749098219,342632.153708873,278.110931396484,"B"
"2330",2454,83,3248.44585078596,0.00270758883876935,129472.573495944,199.820053100586,"B"
"2331",2455,78,2989.64270645533,0.00329040017889135,223239.125743613,228.604888916016,"B"
"2336",2460,74,2160.42598250106,0.00245246073878562,822903.67770143,173.221328735352,"B"
"2338",2462,71,2129.38461862484,0.00440586274240299,460168.042054944,277.569366455078,"B"
"2339",2463,83,2633.77282641308,0.00628444739005517,1411765.4975374,463.792205810547,"B"
"2348",2472,80,984.08215713501,0.00216621126001664,87728.7926420337,157.456954956055,"B"
"2350",2474,76,922.342651367188,0.00294518478874428,48711.4329069598,217.858200073242,"B"
"2354",2478,76,2060.85040443822,0.00442868275664902,149904.17607906,298.936096191406,"B"
"2355",2479,72,1019.93908394708,0.0032803026945363,44212.5180103399,222.482559204102,"B"
"2356",2480,73,1962.03222990689,0.00544474822971905,155759.43348475,357.752593994141,"B"
"2359",2483,82,1060.21193043779,0.0020176606255664,51237.3937632197,147.087463378906,"B"
"2360",2484,82,982.827866717083,0.00178653772928993,42477.3921323969,130.23860168457,"B"
"2367",2491,81,1420.70362684462,0.00244008264876356,133129.266571265,176.2919921875,"B"
"2372",2496,70,1133.64174804688,0.0025185922121096,85989.2227702177,159.132736206055,"B"
"2377",2501,50,636.652413330078,0.00509697811161904,14447.629768238,276.092498779297,"B"
"2378",2502,77,642.703280758548,0.00551477696985545,11690.7958897982,395.043121337891,"B"
"2379",2503,73,594.307434918129,0.00222296826218048,2136.44338533771,147.679092407227,"B"
"2386",2510,81,1064.54993655358,0.00352677511727961,85434.9885438779,253.927810668945,"B"
"2387",2511,81,1164.09597439236,0.00276909188069112,41005.8434638351,199.374618530273,"B"
"2391",2515,25,1130.42916015625,0.00326475870679133,97938.7048510736,77.1460723876953,"B"
"2396",2520,65,1429.77033691406,0.00334517558076186,20868.3007264095,218.700241088867,"B"
"2397",2521,42,868.205352783203,0.00254175083664893,8421.48214153644,94.4062728881836,"B"
"2401",2525,37,1783.37666609481,0.00399698339444714,265053.763958939,143.132171630859,"B"
"2404",2528,50,667.173057861328,0.00647359595714821,13901.3990599139,285.485595703125,"B"
"2407",2531,32,380.221934318543,0.00551447635629185,4131.12382861742,153.853897094727,"B"
"2440",2569,79,969.673668197439,0.00202066230942877,38292.7339101526,141.850494384766,"B"
"2441",2570,79,1139.96926763993,0.0019896172215783,75004.4270657256,139.671127319336,"B"
"2447",2576,74,708.621297887854,0.00165872963257804,75029.7851082907,122.09391784668,"B"
"2448",2577,77,2578.15936675629,0.00338933150334541,881338.532397199,234.379867553711,"B"
"2450",2579,66,1681.25039210464,0.00403475233335764,86976.1994365993,270.619720458984,"B"
"2470",2600,76,829.706781487716,0.00206987217553736,52627.0855126738,143.761764526367,"B"
"2471",2601,77,869.468573235846,0.00231064456793798,42645.8704823016,158.048080444336,"B"
"2477",2607,30,945.378051757813,0.00369047099756526,5643.18471911016,106.627380371094,"B"
"2478",2608,28,763.041809082032,0.003420833371045,6815.29646601759,95.3640060424805,"B"
"2480",2611,75,870.866568196615,0.00332371615277717,7543.7436020657,229.169799804688,"B"
"2481",2612,75,1142.41345865886,0.00431442034833536,165954.343298799,298.768402099609,"B"
"2483",2614,76,849.776441875257,0.00351175638070951,25372.8518084621,238.300140380859,"B"
"2509",2640,48,736.557568868001,0.00551254451931256,18528.9755410784,242.45637512207,"B"
"2513",2644,38,2286.46516177529,0.0065353815742718,408872.065607779,300.808502197266,"B"
"2514",2645,47,566.787841147565,0.00268039493201523,64592.8680480756,134.895950317383,"B"
"2515",2646,27,777.621523256655,0.00439428962664141,8433.98940708216,118.256713867188,"B"
"2517",2648,74,1510.49622076911,0.00296175848949407,389652.151271762,197.523132324219,"B"
"2522",2653,63,1231.93770926339,0.00386798086260716,97401.2774501275,231.958831787109,"B"
"2523",2654,61,1255.13741314998,0.00470286400717062,160895.855246473,276.767242431641,"B"
"2526",2657,59,1244.82742697506,0.00240699972235203,319204.109158515,125.254455566406,"B"
"2527",2658,75,821.588620605469,0.0019987650401261,32594.742898488,133.117752075195,"B"
"2528",2659,75,687.144828287761,0.0022991105447668,34774.6940180108,153.120758056641,"B"
"2530",2661,75,980.900418294271,0.00187744375619553,33258.2760944111,125.037757873535,"B"
"2531",2662,69,1241.86540155826,0.00223209408539012,47936.1506624441,139.886199951172,"B"
"2532",2663,45,1645.40214029948,0.00300832870231137,785961.244189805,138.125366210938,"B"
"2537",2668,73,947.237054694189,0.00251532224125286,25096.6907496103,167.944763183594,"B"
"2544",2675,67,1131.32510148234,0.00374713886853759,204341.154965911,226.15690612793,"B"
"2562",2693,67,737.028299360133,0.00317930524188066,10769.7520908415,203.422714233398,"B"
"2570",2701,31,2808.54846585182,0.0052146113011986,499498.205343272,149.650329589844,"B"
"2573",2704,71,1407.97776858907,0.00314249241117588,17053.4937578983,199.490859985352,"B"
"2574",2705,73,899.088980060734,0.00298424141065981,29983.1695464689,193.378845214844,"B"
"2575",2706,70,963.124841308594,0.00336005152759912,50519.5453802873,214.674819946289,"B"
"2579",2710,69,398.065706557122,0.00555632800173686,2224.74701587673,344.505706787109,"B"
"2589",2721,63,1306.96697707403,0.00406878274929289,105245.655994275,233.249893188477,"B"
"2596",2728,71,1353.75210442342,0.00245341441228187,24402.7977883949,155.471557617188,"B"
"2601",2733,66,2709.9795217803,0.0096042051893444,368484.478036932,569.837219238281,"B"
"2602",2734,44,1252.70241477273,0.00312791121913781,7721.32185003395,127.169937133789,"B"
"2605",2737,71,669.781206587671,0.00197288315976039,47698.8826551055,127.113578796387,"B"
"2617",2749,71,992.260605503137,0.00268457012966142,47563.6003846487,169.127914428711,"B"
"2618",2750,63,950.498213026259,0.00286602749885435,31968.6852630781,181.866729736328,"B"
"2619",2751,67,870.59134138876,0.0022736487420237,7896.09129259107,154.214141845703,"B"
"2620",2752,29,831.995919063174,0.00227483783029519,2513.41184309755,57.3259124755859,"B"
"2623",2755,71,931.969106647331,0.00233697644705119,59229.7864740612,147.229522705078,"B"
"2625",2757,71,822.794031277509,0.00243445462193839,66043.7634544932,153.370635986328,"B"
"2632",2764,66,478.406460848722,0.00200743059551594,5582.99442022881,120.884994506836,"B"
"2644",2776,40,1254.6084564209,0.00306945100638609,55715.9108646368,117.411239624023,"B"
"2664",2796,43,1446.18795847338,0.00694194746514162,233224.130657915,270.819122314453,"B"
"2666",2798,67,945.323347860308,0.00264720107467535,26344.0675064647,164.969284057617,"B"
"2668",2800,44,1150.35320628773,0.00376783164629583,160203.127958797,154.805282592773,"B"
"2671",2803,60,356.080733235677,0.00611320876746272,1514.51693877759,342.710998535156,"B"
"2682",2816,67,1126.58459563754,0.00316877026544358,54584.0955055227,189.090637207031,"B"
"2683",2817,64,1153.09497737885,0.00321649605803753,74379.4900325423,187.889862060547,"B"
"2684",2818,35,1328.9459891183,0.00253158191609306,35856.1895258603,87.9253234863281,"B"
"2685",2819,53,1136.17709753648,0.00418687581818981,35443.7768863799,226.570388793945,"B"
"2692",2826,66,861.103302001953,0.00268052790622907,36800.2928526601,163.961883544922,"B"
"2699",2833,39,402.152614495693,0.00538387269817146,1704.03250420609,185.674819946289,"B"
"2700",2834,65,798.291819411058,0.00322953442992002,76020.8098566661,196.497772216797,"B"
"2701",2835,68,935.19720548742,0.00413656017461569,37240.3669042706,249.4345703125,"B"
"2702",2836,38,1581.18756585372,0.00360508809633855,319787.392520026,125.389625549316,"B"
"2703",2837,32,1518.93642807007,0.004937399507335,48215.5752476616,138.718460083008,"B"
"2723",2857,63,717.500457279266,0.0018757022926659,10009.6813342304,112.110641479492,"B"
"2725",2859,35,2354.82127859933,0.0033691784765859,1242722.36262204,108.954124450684,"B"
"2733",2867,59,1222.70734987421,0.00441691946089749,216084.188413801,242.37629699707,"B"
"2735",2869,36,1473.07391357422,0.00380442479592083,30821.7349046156,127.701164245605,"B"
"2737",2871,65,701.217717097356,0.00199979741728384,23410.5717558598,121.610694885254,"B"
"2743",2877,66,932.425727613045,0.00311673310498008,115651.587921859,182.328887939453,"B"
"2744",2878,66,954.834915623521,0.00313506774881926,50917.5939854105,183.401458740234,"B"
"2745",2879,66,832.41503721295,0.00254769354673604,11259.3914628879,149.040069580078,"B"
"2747",2881,66,886.812471331972,0.00330712711169886,8543.67218731618,193.466934204102,"B"
"2760",2894,62,805.513135356288,0.00404085003108656,22554.217641909,233.086624145508,"B"
"2761",2895,63,843.171824621776,0.00313320243402549,59552.199298335,179.078567504883,"B"
"2766",2900,37,1378.74424125053,0.00402893961937581,250480.658493623,161.917785644531,"B"
"2771",2905,58,1112.67612220501,0.00190960861264581,19208.8077355595,103.722030639648,"B"
"2774",2908,64,823.691197395325,0.00210042873218227,17906.9175523355,120.885810852051,"B"
"2775",2909,65,921.16128117488,0.00189762691820761,31589.0900135587,109.303314208984,"B"
"2776",2910,61,1118.4109256932,0.0026895445092426,40557.5415630804,153.527221679688,"B"
"2782",2916,53,1315.73784018463,0.00200794944108706,175092.816114232,95.430778503418,"B"
"2785",2919,64,1391.85769081116,0.00301621001655428,190242.75160539,171.019104003906,"B"
"2786",2920,64,1249.00955009461,0.00274506082438627,150016.810813899,155.644943237305,"B"
"2787",2921,52,833.523553701548,0.00298779551396329,7453.54028155026,164.760208129883,"B"
"2790",2926,44,597.441759976474,0.00156459612853089,12038.7715334976,72.8875503540039,"B"
"2791",2927,63,1153.03928629557,0.00183615085388151,56274.952262004,103.68147277832,"B"
"2802",2938,56,1213.581312997,0.00269182903840291,136570.675871639,142.859161376953,"B"
"2803",2939,51,1235.58465336818,0.00338279508519918,35937.9110812794,172.4599609375,"B"
"2804",2940,63,1035.19382440476,0.00325658766462678,31325.4551779455,181.717590332031,"B"
"2808",2944,28,4103.38439069475,0.0027450748759158,612092.639027112,91.3330841064453,"B"
"2815",2951,63,774.177035861545,0.00325861707801044,8918.20639327305,181.830825805664,"B"
"2823",2959,54,2165.7572450991,0.00761196774019825,174914.398726841,386.186492919922,"B"
"2824",2960,27,2186.77553530093,0.00949539238801942,260805.201476097,222.192184448242,"B"
"2834",2970,24,801.718554178874,0.00795440099951204,55185.3220448712,195.91081237793,"B"
"2841",2977,60,1269.43152058919,0.00201069463958956,53029.7580678674,107.97102355957,"B"
"2844",2980,55,815.563746226918,0.00358672014004292,22592.2381772395,182.846313476563,"B"
"2848",2984,61,683.562095767162,0.00173426366382046,30130.0171764369,93.6502380371094,"B"
"2856",2992,58,1099.37313711232,0.0023576983209029,415657.163630425,113.841949462891,"B"
"2861",2997,61,952.754432553151,0.00244096055563811,12518.2067000726,131.811874389648,"B"
"2866",3002,56,757.796521868025,0.00242905767094767,8543.97275911647,120.238357543945,"B"
"2870",3006,60,546.412714640299,0.0020337147446807,24416.6805285751,107.990249633789,"B"
"2875",3011,53,1120.19574895895,0.00563360139270886,42068.3813261526,278.007873535156,"B"
"2889",3025,45,491.579203287761,0.00304026030194522,3777.82200909563,132.296905517578,"B"
"2891",3027,26,828.086169903095,0.00455747396219522,2759.07985459834,102.543167114258,"B"
"2893",3029,51,777.145036285999,0.00297992315609008,3749.64435808511,158.077377319336,"B"
"2899",3035,29,1222.23520423626,0.00515476773684246,27571.7702826249,135.633575439453,"B"
"2901",3037,29,1071.43183214911,0.00183341506116059,128376.491454367,46.2020606994629,"B"
"2905",3041,56,1082.29195077079,0.0057318388891872,67999.9443174756,292.95947265625,"B"
"2908",3044,33,1553.19592840022,0.00454786144291574,197285.047984626,161.782531738281,"B"
"2916",3052,55,943.698736017401,0.00535170763679263,27307.2117104119,276.466674804688,"B"
"2923",3059,45,1199.65810139974,0.00388614628040655,61624.6803788048,164.635070800781,"B"
"2925",3061,53,853.425499106353,0.00187439885653125,23848.1003872894,91.2133407592773,"B"
"2927",3063,58,862.370075094289,0.00245519373856951,34786.9696626527,125.951438903809,"B"
"2940",3076,44,1245.74050348455,0.00573119132503391,79070.4585540922,254.874389648438,"B"
"2947",3084,51,1416.06870643765,0.00377631288371049,104338.445232704,181.03092956543,"B"
"2956",3093,56,678.751099722726,0.00288315349554812,16278.2180906075,142.716094970703,"B"
"2957",3094,55,743.850260786577,0.00338787721045298,22776.1420165773,164.650833129883,"B"
"2967",3104,25,2714.73721191406,0.00450505860014042,7930375.53225573,109.487075805664,"B"
"2985",3123,55,1013.71205943715,0.00200851672195347,11181.7619130329,97.6139144897461,"B"
"2986",3125,44,955.66620427912,0.00403612044228371,240812.320869916,160.437133789063,"B"
"3004",3144,52,980.84799194336,0.00357521208592088,101842.471290415,167.375854492188,"B"
"3005",3145,50,1052.28697753906,0.00448696345543163,91776.086600922,210.843231201172,"B"
"3026",3166,27,1110.69635800962,0.00329590343776195,55089.6160780923,99.3484268188477,"B"
"3027",3167,46,1374.60499639097,0.00197220892296173,65477.2842552857,84.8279571533203,"B"
"3029",3169,25,1458.44416503906,0.00462463510727199,153430.720666334,117.552406311035,"B"
"3033",3173,48,1059.7295888265,0.00453350841107362,39665.7601389204,197.063018798828,"B"
"3036",3176,35,1141.95268729074,0.00473278707324746,182086.355256759,147.379806518555,"B"
"3042",3183,53,841.34876294406,0.0020781179941528,45998.2844224212,97.2559204101563,"B"
"3043",3184,53,799.239295815522,0.00223048660644473,30101.2214928419,104.386772155762,"B"
"3044",3186,53,788.620393573114,0.00264375362166902,71734.7342916772,123.727668762207,"B"
"3045",3187,53,839.691094164579,0.0024561504461207,74549.22525505,114.94783782959,"B"
"3058",3200,32,1557.88536071778,0.00384177033218645,251550.812081333,107.185394287109,"B"
"3065",3209,52,738.348104623648,0.00375063444987652,53362.3648482429,172.15412902832,"B"
"3066",3210,52,989.452167217548,0.00336039594748952,68227.6869676905,154.242172241211,"B"
"3067",3213,43,1076.9629800486,0.00432944538797961,17657.4255590304,169.496658325195,"B"
"3068",3214,49,955.586890395807,0.00604342355776074,38121.7058685052,272.599334716797,"B"
"3082",3228,50,821.359582519531,0.00404442677200696,12596.2259302937,185.148132324219,"B"
"3086",3232,51,858.963118010876,0.00292713259055745,34750.2280202313,131.720962524414,"B"
"3087",3233,51,916.987822887944,0.00240464064234402,59841.3697246658,108.208824157715,"B"
"3092",3238,49,1923.16513123804,0.00333097629724458,616348.244213941,146.381866455078,"B"
"3105",3251,24,834.549626668294,0.00414590155402118,15792.9236214287,85.8201599121094,"B"
"3108",3254,50,671.637473754883,0.00336824201358653,43722.671550926,148.539474487305,"B"
"3110",3256,50,727.633888549805,0.00343355068898931,44216.0067766057,151.419586181641,"B"
"3115",3264,50,1358.53324462891,0.0039034944876425,47875.2166761248,172.144104003906,"B"
"3123",3272,29,1315.49124882139,0.00464968043836831,39653.1641047111,129.452285766602,"B"
"3125",3274,49,1303.53279580875,0.00352040187605477,28884.3303927077,152.081359863281,"B"
"3131",3280,33,1061.94068862453,0.0065177490869246,526437.535897734,193.163192749023,"B"
"3132",3281,49,655.030038638991,0.00482462304266088,81030.7253446852,208.423721313477,"B"
"3136",3285,49,987.389647191885,0.00305231056457463,116219.159265348,131.859817504883,"B"
"3137",3286,27,619.278526023582,0.00755232230137783,5711.66925377288,182.196838378906,"B"
"3146",3295,48,375.424287160238,0.00430050575635099,17478.6250225573,181.911392211914,"B"
"3148",3297,25,860.8344921875,0.0020920626775478,14394.8257170497,65.6765365600586,"B"
"3149",3298,46,802.962318752123,0.00189763172335612,3135.47138805677,79.9231185913086,"B"
"3151",3301,44,1130.85355723988,0.00257050890074826,185552.371729748,99.4786911010742,"B"
"3154",3304,38,1220.92304109272,0.00219574306125602,276109.067228859,75.618034362793,"B"
"3156",3306,37,789.137136098501,0.00230550389500826,8066.22806945018,88.6932220458984,"B"
"3173",3323,44,1363.30972290039,0.0053574591705868,58955.3448362804,213.505584716797,"B"
"3176",3326,38,1029.22982466848,0.00395334146545596,67421.6130394244,156.9482421875,"B"
"3180",3330,42,2053.52614629836,0.00451371226198517,398111.301020637,182.793121337891,"B"
"3186",3337,43,1647.82592489553,0.00293432229192972,265045.545348771,117.46125793457,"B"
"3214",3365,42,1769.67796107701,0.00462646322415733,213337.85653305,176.288360595703,"B"
"3215",3366,45,1935.67713487413,0.00414817494641862,341878.255879225,166.955795288086,"B"
"3228",3379,44,2087.86414961382,0.00693834206254525,91109.2223116466,276.382263183594,"B"
"3229",3380,45,2322.2862358941,0.00410474851444385,119908.895592879,162.548034667969,"B"
"3230",3381,37,497.446444124789,0.00398651502796889,8522.082082835,134.390426635742,"B"
"3232",3383,27,2976.4918891059,0.00450703299989422,173082.956620897,105.464569091797,"B"
"3236",3389,29,1371.54964262864,0.00381002772857235,3436455.82289468,96.0126953125,"B"
"3237",3390,45,1889.74928877089,0.00657670022790424,1183276.12790902,265.926391601563,"B"
"3248",3401,33,1405.387216279,0.00537698208336224,80402.0756428007,189.518524169922,"B"
"3251",3404,30,1864.21252848307,0.00320294980312987,636977.618853941,112.028869628906,"B"
"3270",3423,44,1751.51949240945,0.00281008556390419,574242.370599372,108.750312805176,"B"
"3272",3425,43,1639.28086107831,0.00315423611582013,606587.308881459,119.620765686035,"B"
"3277",3431,39,936.696023011819,0.0023705438928262,123697.180356785,85.3682556152344,"B"
"3286",3440,43,865.038154069768,0.0065857636176848,79737.616504354,251.24853515625,"B"
"3310",3464,43,1097.43311256586,0.0023483155909205,21501.3989502557,88.7663269042969,"B"
"3311",3465,42,1006.11138044085,0.00250333663723545,102848.345581927,95.290412902832,"B"
"3326",3480,42,1848.75671386719,0.00264502366367307,119367.83317862,97.6013717651367,"B"
"3339",3493,42,1032.68767874581,0.00498064644435966,9640.37320790009,183.785858154297,"B"
"3347",3501,32,1969.67990112305,0.00522708830671505,189489.070849818,184.630004882813,"B"
"3352",3506,41,991.394706912157,0.00281523973753792,17835.067136373,105.791923522949,"B"
"3357",3511,42,1089.15922473726,0.00375304190248887,30170.6501530092,138.487243652344,"B"
"3358",3512,25,1311.96016113281,0.00223169249390291,48186.2819463422,64.9844512939453,"B"
"3367",3521,38,2247.83803518195,0.00236880917076928,108523.739415126,81.6329727172852,"B"
"3370",3524,34,718.659840303309,0.00252729730511254,47170.3709066263,82.8268508911133,"B"
"3371",3525,41,868.048884694169,0.0025333114550449,33465.0104124384,91.1992111206055,"B"
"3381",3535,36,635.296602037218,0.00310615708502675,8599.91095034959,105.648147583008,"B"
"3387",3541,41,1128.79651474371,0.00275980955702835,20296.7395564215,99.353141784668,"B"
"3391",3545,29,1074.19578394397,0.00606828789126926,23082.5997211926,186.056915283203,"B"
"3407",3561,39,828.48049222506,0.00245876887148418,8620.59225395589,87.2936096191406,"B"
"3424",3579,31,1557.29537471648,0.00418795731772358,205403.072551422,127.726432800293,"B"
"3429",3584,39,1839.20468374399,0.00441583501646834,89759.7306698716,151.021560668945,"B"
"3433",3589,38,736.455888848556,0.00378249656972224,92807.1226327483,127.447196960449,"B"
"3442",3598,37,1028.46641911687,0.00332176437546473,20742.5867528254,112.750671386719,"B"
"3454",3610,30,1142.32571818034,0.00386075629322822,48892.8750003354,118.603408813477,"B"
"3461",3617,36,870.114422268338,0.00233300401263737,6212.70377668164,77.1300811767578,"B"
"3465",3621,27,3520.80405454283,0.00361100945603819,1010573.03402423,93.2911911010742,"B"
"3471",3627,29,1324.45486765894,0.0021723296365183,19503.9543880249,69.7213134765625,"B"
"3492",3648,30,4802.76830240885,0.00608501822591342,1317266.07579907,194.045974731445,"B"
"3501",3660,34,1076.56102618049,0.00452880503144115,13385.9468483414,144.632553100586,"B"
"3503",3662,35,779.069559151786,0.00302753426812534,114503.214284183,94.4392776489258,"B"
"3506",3665,35,1045.89098423549,0.00239425504696555,125181.916051019,75.217399597168,"B"
"3517",3676,30,862.592339579264,0.00476482553785899,30887.0769967661,132.877838134766,"B"
"3523",3682,31,975.962349184098,0.00453706524179628,12235.6563428315,122.500762939453,"B"
"3532",3691,35,930.843446568081,0.00241522436879356,52318.9419357853,73.9058685302734,"B"
"3541",3700,28,1090.02745710101,0.00280475998900969,20194.4635041945,74.6395721435547,"B"
"3542",3701,34,956.146285113167,0.00336253924549303,14199.7635830909,99.8674163818359,"B"
"3545",3705,33,4291.3241521662,0.00142435544921682,328435.582447517,41.7904396057129,"B"
"3553",3713,34,767.876674876494,0.0028104442647997,41484.1880880612,83.4701919555664,"B"
"3557",3717,34,769.805470186122,0.00337004198632768,33819.4729957464,100.09024810791,"B"
"3571",3732,32,2225.95784759522,0.00757982241620701,178488.367095478,214.589645385742,"B"
"3573",3734,30,916.954349772136,0.00445652947608574,27080.015887114,117.764373779297,"B"
"3574",3735,33,1053.02673709754,0.00402467952881125,65189.2452038785,115.910766601563,"B"
"3586",3748,30,693.622508748373,0.0035768691269713,105356.544699621,101.773315429688,"B"
"3588",3750,27,1206.89785201461,0.00302481403923594,21643.6113607711,74.0568771362305,"B"
"3605",3767,31,1957.22698383947,0.0030131796374917,47044.1142708678,82.3717651367188,"B"
"3615",3778,27,845.025930899161,0.00273109018319071,78224.0532991288,70.2934417724609,"B"
"3623",3786,24,500.621782938639,0.00211845749720891,1481.78425177308,45.8976860046387,"B"
"3628",3791,29,817.234444453799,0.00231578183593228,14006.8229510909,60.814151763916,"B"
"3640",3803,31,1769.2997062437,0.00412511458271183,82654.7601862925,111.378089904785,"B"
"3641",3804,31,709.041578723538,0.00321620653655069,7666.51200174507,86.8375778198242,"B"
"3645",3808,27,1365.03703703704,0.00442641958495817,107088.800595901,117.002822875977,"B"
"3654",3817,24,1980.43943786621,0.00561588726122864,132513.616174098,124.88501739502,"B"
"3657",3820,24,665.584503173828,0.00639322856137448,5617.84957886456,132.339828491211,"B"
"3660",3823,30,1180.262693278,0.00403955567463558,122247.391109377,105.432403564453,"B"
"3661",3824,30,1294.137890625,0.00485207055542811,127113.462499248,126.639038085938,"B"
"3662",3825,26,728.908595158504,0.00207818358088844,3216.88469989304,51.9101905822754,"B"
"3678",3841,30,814.027524820964,0.00169892050677124,55214.9122888917,44.3418235778809,"B"
"3679",3842,29,1015.19839793238,0.00216208035947472,63941.1223223998,54.4844245910645,"B"
"3696",3859,29,2132.4632694639,0.0047390368708875,86567.4648423733,119.423728942871,"B"
"3701",3864,27,995.048247160735,0.00310899218339518,131588.880674281,75.8346557617188,"B"
"3707",3871,28,1910.51047188895,0.00450642199440928,136970.438496216,109.506050109863,"B"
"3738",3904,28,1030.79877580915,0.00232092967295709,32714.8872465978,56.3985900878906,"B"
"3740",3906,28,947.146161760603,0.00345079845498764,101032.679166032,83.8544006347656,"B"
"3741",3907,28,2294.32140241351,0.00552331229792563,146625.429922345,134.216491699219,"B"
"3768",3934,25,2201.94987304688,0.00368708456517197,121626.257141595,84.3542022705078,"B"
"3775",3941,26,750.990579458384,0.00298874827334657,15353.2131680776,67.8825378417969,"B"
"3776",3942,25,932.995554199219,0.00364983185500023,191512.752322305,87.0467758178711,"B"
"3777",3943,24,1056.02421569824,0.00338461280435972,161440.010751685,71.4728164672852,"B"
"3780",3946,27,809.687160915798,0.00334265935369051,29671.4966967348,78.2182312011719,"B"
"3781",3947,25,865.315544433594,0.00292497529274745,87846.4187420886,63.1794662475586,"B"
"3783",3949,27,1152.35107873987,0.00364299182659194,6986.03619934211,85.2460098266602,"B"
"3785",3951,27,792.319725884332,0.00503815312045985,13412.684763774,117.892784118652,"B"
"3790",3956,26,1263.2750384991,0.00543397651519626,76738.1239814891,122.264472961426,"B"
"3798",3964,26,994.156858004057,0.0046833592816256,42056.648303699,105.375587463379,"B"
"3802",3968,26,2877.10167518029,0.0044631819985807,2445788.94645868,100.421592712402,"B"
"3803",3969,26,3163.46172626202,0.00239510722836712,2746453.40133595,53.8899116516113,"B"
"3825",3994,25,2206.66562988281,0.00376956442050869,143030.549778843,85.8830871582031,"B"
"3827",3996,24,1857.89374287923,0.00645714251921796,643039.866519812,151.515670776367,"B"
"3837",4006,24,1087.79997507731,0.00322399393695852,3856.02951660065,69.0213470458984,"B"
"3839",4008,25,1637.08015136719,0.00572020184093465,57280.6466720939,123.556358337402,"B"
"3845",4014,25,828.653293457032,0.0039478081841177,102242.586511646,85.2726593017578,"B"
"3872",4041,24,1471.54816436768,0.00333247098656695,253405.983886805,68.9821472167969,"B"
"3878",4047,24,1301.04126230876,0.00698559597114344,199191.753290191,144.601837158203,"B"
"4770",5120,131,2080.47808610756,0.00554828087624628,726708.463738931,649.148864746094,"B"
"4772",5135,47,1944.43985050283,0.00513545901420466,133036.377225383,203.261627197266,"B"
"4777",5176,49,800.074835018236,0.00338733629638339,25765.4947105221,137.39453125,"B"
